{
        "swagger": "2.0",
        "host": "127.0.0.1:8000",
        "basePath": "/api/fb_post_v2/",
        "info": {
            "version": "1.0.0",
            "title": "Simple API",
            "description": "A simple API to learn how to write OpenAPI Specification"
        },
        "schemes": [
            "http"
        ],
        "consumes": [
            "application/json"
        ],
        "produces": [
            "application/json"
        ],
        "securityDefinitions": {
            "oauth": {
                "tokenUrl": "http://auth.ibtspl.com/oauth2/",
                "flow": "password",
                "scopes": {
                    "read": "read users",
                    "write": "create users",
                    "update": "update users",
                    "delete": "delete users"
                },
                "type": "oauth2"
            }
        },
        "security": [],
        "definitions": {
            "TodoId": {
                "type": "object",
                "properties": {
                    "id": {
                        "type": "integer"
                    }
                }
            },
            "BasicTodo": {
                "type": "object",
                "properties": {
                    "description": {
                        "type": "string"
                    },
                    "is_completed": {
                        "type": "boolean"
                    },
                    "remind_at": {
                        "type": "string"
                    }
                },
                "required": [
                    "description"
                ]
            },
            "Todo": {
                "allOf": [
                    {
                        "$ref": "#/definitions/BasicTodo"
                    },
                    {
                        "$ref": "#/definitions/TodoId"
                    }
                ]
            }
        },
        "parameters": {
            "TodoId": {
                "description": "todo id",
                "in": "path",
                "name": "id",
                "required": true,
                "type": "integer"
            },
            "BasicTodo": {
                "description": "Todo Parameter",
                "in": "body",
                "name": "todo",
                "required": true,
                "schema": {
                    "$ref": "#/definitions/BasicTodo"
                }
            }
        },
        "responses": {
            "SuccessResponse": {
                "description": "success response"
            }
        },
        "paths": {
            "/todos/": {
                "get": {
                    "summary": "Get all todos",
                    "description": "Returns a list containing all todos.",
                    "operationId": "get_todos",
                    "security": [
                        {
                            "oauth": [
                                "read"
                            ]
                        }
                    ],
                    "responses": {
                        "200": {
                            "description": "A list of todos",
                            "schema": {
                                "type": "array",
                                "items": {
                                    "$ref": "#/definitions/Todo"
                                }
                            }
                        }
                    }
                },
                "post": {
                    "summary": "create a todo",
                    "description": "Create a todo",
                    "operationId": "create_todo",
                    "security": [
                        {
                            "oauth": [
                                "write"
                            ]
                        }
                    ],
                    "parameters": [
                        {
                            "$ref": "#/parameters/BasicTodo"
                        }
                    ],
                    "responses": {
                        "200": {
                            "description": "create a todo",
                            "schema": {
                                "$ref": "#/definitions/TodoId"
                            }
                        }
                    }
                }
            },
            "/todos/{id}/": {
                "parameters": [
                    {
                        "$ref": "#/parameters/TodoId"
                    }
                ],
                "get": {
                    "summary": "Get a todo",
                    "description": "Returns a todo.",
                    "operationId": "get_todo",
                    "security": [
                        {
                            "oauth": [
                                "read"
                            ]
                        }
                    ],
                    "responses": {
                        "200": {
                            "description": "A todo",
                            "schema": {
                                "$ref": "#/definitions/Todo"
                            }
                        }
                    }
                },
                "put": {
                    "parameters": [
                        {
                            "$ref": "#/parameters/BasicTodo"
                        }
                    ],
                    "summary": "Updates a todo",
                    "description": "Updates a todo.",
                    "operationId": "update_todo",
                    "security": [
                        {
                            "oauth": [
                                "update"
                            ]
                        }
                    ],
                    "responses": {
                        "200": {
                            "$ref": "#/responses/SuccessResponse"
                        }
                    }
                },
                "delete": {
                    "summary": "Deletes a todo",
                    "description": "Deletes a todo.",
                    "operationId": "delete_todo",
                    "security": [
                        {
                            "oauth": [
                                "delete"
                            ]
                        }
                    ],
                    "responses": {
                        "200": {
                            "$ref": "#/responses/SuccessResponse"
                        }
                    }
                }
            }
        }
    }
    